code,name
US.AAPL,
US.MSFT,
US.NVDA,
US.AVGO,
US.ORCL,
US.CRM,
US.AMD,
US.QCOM,
US.INTC,
US.TXN,
US.ADBE,
US.NOW,
US.INTU,
US.IBM,
US.CSCO,
US.MU,
US.AMAT,
US.LRCX,
US.KLAC,
US.SNPS,
US.CDNS,
US.MRVL,
US.ARM,
US.PLTR,
US.CRWD,
US.PANW,
US.DELL,
US.HPQ,
US.NTAP,
US.WDC,
US.STX,
US.AMZN,
US.TSLA,
US.HD,
US.MCD,
US.NKE,
US.LOW,
US.SBUX,
US.TJX,
US.TGT,
US.BKNG,
US.CMCSA,
US.DIS,
US.NFLX,
US.LULU,
US.ULTA,
US.DHI,
US.MGM,
US.WYNN,
US.LVS,
US.RCL,
US.CCL,
US.MAR,
US.HLT,
US.LLY,
US.UNH,
US.JNJ,
US.MRK,
US.ABBV,
US.PFE,
US.BMY,
US.AMRN,
US.GILD,
US.REGN,
USVRTX,
US.ISRG,
US.ELV,
US.CI,
US.HUM,
US.CVS,
US.ZTS,
US.MDT,
US.A,
US.TMO,
US.DHR,
US.BDX,
US.SYK,
US.BSX,
US.ILMN,
US.MRNA,
US.BIIB,
US.IDXX,
US.RMD,
US.DVA,
US.BRK-B,
US.JPM,
US.V,
US.MA,
US.BAC,
US.WFC,
US.GS,
US.MS,
US.C,
US.AXP,
US.BLK,
US.SCHW,
US.PNC,
US.USB,
US.TFC,
US.COIN,
US.PYPL,
US.FIS,
US.FISV,
US.ADP,
US.SPGI,
US.MCO,
US.AIG,
US.MET,
US.PRU,
US.TRV,
US.AFL,
US.AON,
US.WTW,
US.BX,
US.KKR,
US.XOM,
US.CVX,
US.COP,
US.SLBN,
US.EOG,
US.PXD,
US.MPC,
US.VLO,
US.PSXA,
US.OKE,
US.WMB,
US.HES,
US.DVNB,
US.CAT,
US.DE,
US.HON,
US.UNP,
US.BA,
US.RTX,
US.LMT,
US.GE,
US.EMR,
US.ETN,
US.PHX,
US.CMI,
US.NOC,
US.GD,
US.LHX,
US.TD,
US.GOOG,
US.GOOGL,
US.META,
US.TMUS,
US.VER,
US.T,
US.CHTR,
US.EA,
US.ATVI,
US.TTWO,
US.RBLX,
US.UBER,
US.LYFT,
US.AIRB,
US.AMQ,
US.PLM,
US.AV,
US.EQR,
US.VTR,
US.WELL,
US.AIV,
US.SPN,
US.PSI,
US.BXP,
US.RE,
US.UDR,
US.LIN,
US.APC,
US.NUE,
US.FCX,
US.NEM,
US.DOW,
US.DD,
US.SHPN,
US.ALBN,
US.CE,
US.VMC,
US.MLK,
US.NEE,
US.DUK,
US.SON,
US.AEP,
US.EXC,
US.XEL,
US.SRE,
US.ED,
US.WEC,
US.ES,
US.DTE,
US.PPL,
US.AEE,
US.CNP,
US.PG,
US.KO,
US.PEP,
US.COST,
US.WMT,
US.PM,
US.MO,
US.CL,
US.KMB,
US.KR,
US.SYY,
US.MNST,
US.KDP,
US.GSK,
US.BABA,
US.PDD,
US.BIDU,
US.NIO,
US.LI,
US.XPEV,
US.JD,
US.BILI,
US.TCEHY,
US.TSM,
US.ASML,
US.SAP,
US.RIO,
US.BHP,
US.SHEL,
US.TTE,
US.BP,
US.INFN,
US.AZ,
US.TAL,
US.EDU,
US.YUMC,
