trade_date,open,high,low,close,volume
2024-04-25,6114.0,6194.0,6061.0,6138.0,8807
2024-04-26,6142.0,6323.0,6069.0,6285.0,9993
2024-04-29,6294.0,6399.0,6251.0,6287.0,8760
2024-04-30,6287.0,6353.0,6256.0,6291.0,8196
2024-05-02,6289.0,6465.0,6204.0,6453.0,10264
2024-05-03,6450.0,6629.0,6438.0,6556.0,10201
2024-05-06,6558.0,6662.0,6521.0,6583.0,9261
2024-05-07,6586.0,6628.0,6521.0,6530.0,7027
2024-05-08,6536.0,6592.0,6456.0,6456.0,7082
2024-05-09,6457.0,6577.0,6424.0,6563.0,7629
2024-05-10,6558.0,6745.0,6556.0,6730.0,11617
2024-05-13,6730.0,6784.0,6653.0,6770.0,8623
2024-05-14,6770.0,6850.0,6739.0,6755.0,7250
2024-05-16,6758.0,6901.0,6699.0,6865.0,10554
2024-05-17,6870.0,6973.0,6858.0,6951.0,9581
2024-05-20,6948.0,7029.0,6930.0,6970.0,7092
2024-05-21,6968.0,6969.0,6808.0,6817.0,7759
2024-05-22,6815.0,6890.0,6797.0,6819.0,6785
2024-05-23,6818.0,6829.0,6662.0,6717.0,8933
2024-05-24,6717.0,6743.0,6577.0,6604.0,9133
2024-05-27,6610.0,6699.0,6566.0,6684.0,8181
2024-05-28,6686.0,6757.0,6662.0,6672.0,5520
2024-05-29,6671.0,6688.0,6538.0,6554.0,6986
2024-05-30,6527.0,6539.0,6401.0,6406.0,7636
2024-05-31,6411.0,6552.0,6336.0,6358.0,9762
2024-06-03,6348.0,6548.0,6331.0,6499.0,8975
2024-06-04,6494.0,6542.0,6408.0,6496.0,7291
2024-06-05,6494.0,6613.0,6467.0,6491.0,9546
2024-06-06,6492.0,6603.0,6478.0,6519.0,8066
2024-06-07,6521.0,6580.0,6447.0,6462.0,7137
2024-06-11,6460.0,6488.0,6347.0,6426.0,8478
2024-06-12,6424.0,6435.0,6316.0,6344.0,6367
2024-06-13,6346.0,6431.0,6328.0,6408.0,7388
2024-06-14,6410.0,6441.0,6344.0,6364.0,6602
2024-06-17,6355.0,6440.0,6276.0,6370.0,7597
2024-06-18,6365.0,6412.0,6342.0,6365.0,5958
2024-06-19,6366.0,6595.0,6364.0,6582.0,8317
2024-06-20,6580.0,6621.0,6528.0,6543.0,5617
2024-06-21,6541.0,6551.0,6399.0,6434.0,7599
2024-06-24,6436.0,6454.0,6343.0,6451.0,6468
2024-06-25,6448.0,6525.0,6414.0,6460.0,8108
2024-06-26,6460.0,6498.0,6400.0,6463.0,6994
2024-06-27,6398.0,6398.0,6238.0,6253.0,6307
2024-06-28,6262.0,6315.0,6181.0,6263.0,7611
2024-07-02,6266.0,6383.0,6215.0,6311.0,7960
2024-07-03,6311.0,6411.0,6304.0,6390.0,8155
2024-07-04,6388.0,6485.0,6388.0,6451.0,6328
2024-07-05,6454.0,6472.0,6341.0,6348.0,5642
2024-07-08,6348.0,6370.0,6270.0,6301.0,5853
2024-07-09,6303.0,6336.0,6229.0,6274.0,6157
2024-07-10,6276.0,6387.0,6247.0,6258.0,6544
2024-07-11,6260.0,6400.0,6259.0,6380.0,6777
2024-07-12,6379.0,6558.0,6372.0,6554.0,7467
2024-07-15,6556.0,6583.0,6404.0,6437.0,7114
2024-07-16,6434.0,6437.0,6311.0,6317.0,6504
2024-07-17,6319.0,6357.0,6285.0,6306.0,6103
2024-07-18,6306.0,6350.0,6246.0,6314.0,6718
2024-07-19,6314.0,6319.0,6148.0,6169.0,6879
2024-07-22,6169.0,6283.0,6128.0,6258.0,6674
2024-07-23,6258.0,6302.0,6186.0,6205.0,5437
2024-07-24,6205.0,6221.0,6124.0,6155.0,5551
2024-07-25,6156.0,6186.0,6005.0,6029.0,7767
2024-07-26,6032.0,6105.0,5978.0,6011.0,7798
2024-07-29,6013.0,6139.0,5996.0,6087.0,7987
2024-07-30,6099.0,6106.0,5984.0,6003.0,5695
2024-07-31,6005.0,6149.0,5997.0,6113.0,7730
2024-08-01,6118.0,6158.0,6074.0,6103.0,6513
2024-08-02,6105.0,6122.0,5949.0,5991.0,7126
2024-08-05,5987.0,6015.0,5783.0,5906.0,11510
2024-08-06,5903.0,5975.0,5809.0,5851.0,9471
2024-08-07,5850.0,5992.0,5815.0,5945.0,7820
2024-08-08,5946.0,6005.0,5861.0,5946.0,8765
2024-08-09,5948.0,6093.0,5943.0,6021.0,7488
2024-08-12,6022.0,6055.0,5978.0,6028.0,5489
2024-08-13,6028.0,6093.0,6016.0,6048.0,5817
2024-08-14,6048.0,6094.0,6005.0,6032.0,5216
2024-08-15,6033.0,6112.0,5958.0,6039.0,8545
2024-08-16,6042.0,6190.0,6034.0,6160.0,7824
2024-08-19,6165.0,6281.0,6133.0,6237.0,6297
2024-08-20,6237.0,6299.0,6179.0,6205.0,5438
2024-08-21,6206.0,6207.0,6079.0,6135.0,6875
2024-08-22,6134.0,6239.0,6132.0,6228.0,7936
2024-08-23,6226.0,6235.0,6143.0,6228.0,6439
2024-08-26,6225.0,6302.0,6207.0,6280.0,6439
2024-08-27,6277.0,6320.0,6202.0,6316.0,5938
2024-08-28,6315.0,6330.0,6205.0,6229.0,7463
2024-08-29,6212.0,6252.0,6118.0,6220.0,7778
2024-08-30,6222.0,6387.0,6208.0,6315.0,9335
2024-09-02,6317.0,6320.0,6179.0,6195.0,6817
2024-09-03,6199.0,6212.0,6156.0,6182.0,4572
2024-09-04,6182.0,6182.0,6073.0,6126.0,6883
2024-09-05,6127.0,6163.0,6058.0,6099.0,6092
2024-09-06,6098.0,6099.0,6084.0,6094.0,217
2024-09-09,6040.0,6052.0,5950.0,5985.0,4522
2024-09-10,5985.0,6042.0,5961.0,6001.0,5586
2024-09-11,6002.0,6006.0,5921.0,5971.0,5397
2024-09-12,5970.0,6066.0,5956.0,6021.0,6457
2024-09-13,6023.0,6136.0,5986.0,6066.0,5945
2024-09-16,6070.0,6097.0,5996.0,6096.0,5028
2024-09-17,6098.0,6203.0,6071.0,6179.0,4956
2024-09-19,6181.0,6336.0,6146.0,6318.0,8052
2024-09-20,6319.0,6436.0,6270.0,6389.0,9995
2024-09-23,6390.0,6459.0,6346.0,6391.0,6881
2024-09-24,6391.0,6747.0,6388.0,6746.0,12187
2024-09-25,6749.0,7037.0,6738.0,6792.0,13268
2024-09-26,6799.0,7135.0,6769.0,7134.0,13023
2024-09-27,7176.0,7436.0,7175.0,7410.0,21654
2024-09-30,7418.0,7684.0,7287.0,7559.0,28272
2024-10-02,7550.0,8182.0,7320.0,8031.0,33671
2024-10-03,8033.0,8189.0,7670.0,7928.0,31913
2024-10-04,7927.0,8211.0,7740.0,8209.0,24402
2024-10-07,8203.0,8403.0,8053.0,8357.0,26085
2024-10-08,8357.0,8417.0,7371.0,7424.0,56625
2024-10-09,7425.0,7715.0,7209.0,7357.0,53243
2024-10-10,7359.0,7788.0,7359.0,7628.0,27558
2024-10-14,7629.0,7698.0,7428.0,7584.0,20495
2024-10-15,7584.0,7719.0,7227.0,7287.0,17794
2024-10-16,7289.0,7382.0,7173.0,7267.0,15918
2024-10-17,7270.0,7472.0,7148.0,7162.0,15182
2024-10-18,7165.0,7544.0,7092.0,7496.0,20204
2024-10-21,7502.0,7524.0,7325.0,7332.0,14175
2024-10-22,7341.0,7422.0,7271.0,7355.0,10292
2024-10-23,7355.0,7554.0,7316.0,7470.0,11550
2024-10-24,7469.0,7480.0,7344.0,7358.0,9231
2024-10-25,7350.0,7464.0,7272.0,7392.0,8125
2024-10-28,7394.0,7421.0,7310.0,7392.0,8649
2024-10-29,7391.0,7507.0,7364.0,7436.0,10420
2024-10-30,7465.0,7604.0,7269.0,7309.0,9396
2024-10-31,7303.0,7383.0,7257.0,7280.0,8425
2024-11-01,7276.0,7437.0,7235.0,7361.0,8651
2024-11-04,7363.0,7416.0,7328.0,7385.0,7430
2024-11-05,7379.0,7584.0,7312.0,7568.0,10289
2024-11-06,7568.0,7583.0,7309.0,7391.0,12691
2024-11-07,7389.0,7602.0,7231.0,7601.0,12916
2024-11-08,7600.0,7723.0,7327.0,7407.0,16033
2024-11-11,7407.0,7433.0,7246.0,7361.0,12883
2024-11-12,7349.0,7408.0,7102.0,7141.0,10858
2024-11-13,7131.0,7144.0,7018.0,7132.0,9144
2024-11-14,7128.0,7190.0,6951.0,6968.0,9467
2024-11-15,6973.0,7058.0,6930.0,6981.0,9086
2024-11-18,6982.0,7137.0,6968.0,7068.0,8269
2024-11-19,7067.0,7135.0,7024.0,7094.0,6909
2024-11-20,7090.0,7124.0,6994.0,7098.0,6925
2024-11-21,7099.0,7107.0,7016.0,7028.0,6307
2024-11-22,7027.0,7075.0,6854.0,6877.0,7943
2024-11-25,6873.0,6954.0,6820.0,6856.0,6982
2024-11-26,6854.0,6918.0,6783.0,6849.0,5582
2024-11-27,6853.0,7065.0,6809.0,7025.0,7930
2024-11-28,7041.0,7070.0,6920.0,6932.0,5866
2024-11-29,6932.0,7066.0,6914.0,6983.0,7390
2024-12-02,6988.0,7080.0,6952.0,7033.0,8253
2024-12-03,7043.0,7110.0,6945.0,7094.0,7776
2024-12-04,7096.0,7145.0,7044.0,7101.0,6312
2024-12-05,7102.0,7105.0,6991.0,7038.0,5424
2024-12-06,7038.0,7183.0,7023.0,7169.0,7676
2024-12-09,7164.0,7472.0,7089.0,7461.0,12448
2024-12-10,7461.0,7759.0,7324.0,7355.0,18649
2024-12-11,7356.0,7411.0,7246.0,7269.0,8498
2024-12-12,7270.0,7435.0,7233.0,7389.0,8560
2024-12-13,7389.0,7420.0,7173.0,7200.0,10465
2024-12-16,7198.0,7237.0,7120.0,7140.0,6452
2024-12-17,7134.0,7212.0,7085.0,7122.0,7363
2024-12-18,7113.0,7230.0,7107.0,7187.0,5592
2024-12-19,7182.0,7197.0,7057.0,7168.0,6323
2024-12-20,7168.0,7209.0,7114.0,7135.0,5760
2024-12-23,7124.0,7242.0,7115.0,7220.0,6828
2024-12-24,7224.0,7335.0,7192.0,7325.0,4675
2024-12-27,7337.0,7343.0,7258.0,7304.0,4655
2024-12-30,7301.0,7340.0,7243.0,7257.0,5187
2024-12-31,7258.0,7327.0,7213.0,7278.0,4217
2025-01-02,7267.0,7267.0,7069.0,7069.0,7686
2025-01-03,7084.0,7214.0,7066.0,7149.0,7195
2025-01-06,7160.0,7214.0,7123.0,7149.0,5129
2025-01-07,7154.0,7328.0,6965.0,7053.0,10687
2025-01-08,7054.0,7095.0,6937.0,6996.0,6667
2025-01-09,6999.0,7055.0,6923.0,6998.0,5790
2025-01-10,6996.0,7033.0,6892.0,6917.0,5723
2025-01-13,6914.0,6924.0,6768.0,6856.0,6337
2025-01-14,6849.0,7043.0,6820.0,7000.0,6558
2025-01-15,7005.0,7035.0,6965.0,7019.0,4741
2025-01-16,7017.0,7160.0,7008.0,7110.0,7140
2025-01-17,7116.0,7136.0,7053.0,7113.0,5384
2025-01-20,7121.0,7314.0,7084.0,7243.0,9948
2025-01-21,7252.0,7423.0,7221.0,7349.0,10294
2025-01-22,7343.0,7343.0,7171.0,7195.0,7534
2025-01-23,7198.0,7306.0,7146.0,7169.0,8915
2025-01-24,7166.0,7353.0,7151.0,7327.0,9577
2025-01-27,7341.0,7448.0,7301.0,7409.0,6366
2025-01-28,7404.0,7506.0,7368.0,7430.0,5910
2025-02-03,7320.0,7423.0,7206.0,7420.0,9143
2025-02-04,7412.0,7707.0,7393.0,7672.0,15003
2025-02-05,7670.0,7753.0,7490.0,7581.0,11249
2025-02-06,7576.0,7712.0,7531.0,7703.0,8965
2025-02-07,7711.0,7826.0,7665.0,7820.0,10972
2025-02-10,7808.0,7974.0,7762.0,7965.0,11419
2025-02-11,7958.0,8011.0,7852.0,7855.0,9806
2025-02-12,7860.0,8079.0,7848.0,8070.0,11781
2025-02-13,8062.0,8310.0,7984.0,8018.0,18906
2025-02-14,8001.0,8366.0,7943.0,8342.0,16335
2025-02-17,8340.0,8480.0,8220.0,8334.0,17884
2025-02-18,8336.0,8550.0,8313.0,8482.0,13397
2025-02-19,8483.0,8489.0,8337.0,8461.0,10922
2025-02-20,8464.0,8476.0,8270.0,8331.0,13254
2025-02-21,8327.0,8677.0,8323.0,8663.0,16125
2025-02-24,8663.0,8772.0,8561.0,8609.0,14830
2025-02-25,8613.0,8628.0,8376.0,8479.0,14413
2025-02-26,8478.0,8873.0,8460.0,8788.0,14519
2025-02-27,8822.0,8932.0,8656.0,8741.0,13291
2025-02-28,8742.0,8843.0,8385.0,8450.0,16810
2025-03-03,8460.0,8608.0,8378.0,8426.0,14358
2025-03-04,8434.0,8475.0,8227.0,8376.0,12905
2025-03-05,8374.0,8676.0,8289.0,8665.0,12766
2025-03-06,8676.0,8981.0,8608.0,8955.0,13498
2025-03-07,8945.0,9101.0,8834.0,8914.0,14734
2025-03-10,8917.0,8954.0,8678.0,8726.0,13817
2025-03-11,8729.0,8803.0,8542.0,8772.0,13778
2025-03-12,8782.0,8857.0,8604.0,8689.0,14509
2025-03-13,8703.0,8769.0,8535.0,8644.0,12677
2025-03-14,8645.0,8950.0,8618.0,8920.0,13384
2025-03-17,8928.0,9003.0,8892.0,8948.0,10322
2025-03-18,8940.0,9200.0,8925.0,9200.0,11303
2025-03-19,9201.0,9234.0,9114.0,9159.0,11245
2025-03-20,9180.0,9238.0,8935.0,8935.0,11414
2025-03-21,8936.0,8972.0,8717.0,8717.0,13707
2025-03-24,8713.0,8883.0,8682.0,8877.0,11014
2025-03-25,8861.0,8864.0,8608.0,8608.0,10345
2025-03-26,8608.0,8737.0,8599.0,8650.0,7815
2025-03-27,8644.0,8808.0,8599.0,8704.0,11406
2025-03-28,8717.0,8796.0,8550.0,8603.0,9783
2025-03-31,8612.0,8639.0,8478.0,8521.0,10945
2025-04-01,8508.0,8653.0,8458.0,8545.0,11136
2025-04-02,8550.0,8599.0,8439.0,8518.0,9999
2025-04-03,8518.0,8542.0,8238.0,8398.0,10920
2025-04-07,8385.0,8421.0,7101.0,7246.0,27188
2025-04-08,7244.0,7608.0,7072.0,7344.0,28271
2025-04-09,7355.0,7604.0,6993.0,7517.0,24736
2025-04-10,7531.0,7881.0,7224.0,7663.0,20916
2025-04-11,7656.0,7887.0,7483.0,7776.0,14674
2025-04-14,7766.0,8016.0,7712.0,7960.0,12023
2025-04-15,7954.0,8070.0,7912.0,7972.0,9085
2025-04-16,7985.0,8014.0,7713.0,7830.0,10088
2025-04-17,7834.0,7918.0,7746.0,7905.0,7987
2025-04-22,7904.0,7968.0,7809.0,7959.0,8348
2025-04-23,7960.0,8200.0,7943.0,8150.0,9195
2025-04-24,8165.0,8243.0,7982.0,8054.0,7988
2025-04-25,8048.0,8189.0,8048.0,8086.0,8720
2025-04-28,8081.0,8127.0,8004.0,8074.0,6923
2025-04-29,8086.0,8162.0,8035.0,8051.0,5147
2025-04-30,8046.0,8095.0,7954.0,8085.0,6801
2025-05-02,8094.0,8250.0,7988.0,8221.0,8189
2025-05-06,8220.0,8309.0,8163.0,8242.0,9037
2025-05-07,8238.0,8485.0,8196.0,8237.0,10694
2025-05-08,8242.0,8367.0,8170.0,8305.0,7541
2025-05-09,8299.0,8324.0,8232.0,8300.0,6467
2025-05-12,8300.0,8613.0,8272.0,8535.0,13783
2025-05-13,8538.0,8562.0,8359.0,8376.0,7496
2025-05-14,8377.0,8582.0,8348.0,8567.0,8144
2025-05-15,8579.0,8622.0,8478.0,8503.0,6640
2025-05-16,8505.0,8518.0,8403.0,8458.0,6175
2025-05-19,8459.0,8493.0,8346.0,8450.0,6011
2025-05-20,8446.0,8605.0,8420.0,8582.0,6306
2025-05-21,8581.0,8697.0,8576.0,8655.0,6135
2025-05-22,8652.0,8703.0,8529.0,8567.0,5968
2025-05-23,8557.0,8652.0,8525.0,8581.0,5876
2025-05-26,8576.0,8617.0,8413.0,8415.0,7785
2025-05-27,8421.0,8475.0,8374.0,8445.0,5111
2025-05-28,8454.0,8504.0,8402.0,8436.0,7207
2025-05-29,8381.0,8521.0,8328.0,8480.0,7087
2025-05-30,8480.0,8489.0,8322.0,8388.0,5868
2025-06-02,8380.0,8391.0,8112.0,8307.0,9717
2025-06-03,8303.0,8468.0,8282.0,8460.0,8076
2025-06-04,8458.0,8557.0,8415.0,8526.0,5780
2025-06-05,8525.0,8637.0,8514.0,8633.0,6282
2025-06-06,8632.0,8700.0,8574.0,8602.0,7825
2025-06-09,8598.0,8748.0,8571.0,8731.0,6988
2025-06-10,8731.0,8790.0,8669.0,8726.0,6057
2025-06-11,8730.0,8871.0,8710.0,8859.0,5752
2025-06-12,8852.0,8875.0,8706.0,8736.0,6083
2025-06-13,8738.0,8776.0,8602.0,8638.0,6508
2025-06-16,8635.0,8746.0,8572.0,8736.0,5328
2025-06-17,8726.0,8795.0,8647.0,8694.0,5554
2025-06-18,8682.0,8696.0,8556.0,8565.0,4572
2025-06-19,8570.0,8576.0,8379.0,8403.0,5977
2025-06-20,8405.0,8531.0,8361.0,8518.0,6073
2025-06-23,8511.0,8600.0,8422.0,8582.0,6755
2025-06-24,8580.0,8773.0,8534.0,8741.0,7057
2025-06-25,8747.0,8881.0,8717.0,8859.0,7666
2025-06-26,8860.0,8860.0,8757.0,8809.0,5495
2025-06-27,8798.0,8845.0,8715.0,8738.0,5289
2025-06-30,8741.0,8762.0,8643.0,8675.0,5266
2025-07-02,8678.0,8784.0,8636.0,8694.0,5709
2025-07-03,8700.0,8745.0,8599.0,8639.0,5752
2025-07-04,8633.0,8677.0,8516.0,8603.0,7054
2025-07-07,8598.0,8615.0,8524.0,8593.0,4731
2025-07-08,8592.0,8714.0,8586.0,8695.0,6319
2025-07-09,8695.0,8717.0,8580.0,8588.0,5953
2025-07-10,8596.0,8696.0,8562.0,8669.0,5772
2025-07-11,8665.0,8843.0,8615.0,8691.0,8741
2025-07-14,8695.0,8757.0,8654.0,8720.0,4757
2025-07-15,8724.0,8879.0,8693.0,8852.0,8994
2025-07-16,8852.0,8995.0,8812.0,8869.0,8516
2025-07-17,8862.0,8924.0,8819.0,8833.0,6171
2025-07-18,8837.0,9003.0,8822.0,8998.0,6701
2025-07-21,8995.0,9093.0,8979.0,9033.0,6367
2025-07-22,9038.0,9089.0,8977.0,9082.0,6157
2025-07-23,9076.0,9255.0,9066.0,9255.0,7648
2025-07-24,9254.0,9298.0,9198.0,9267.0,7339
2025-07-25,9252.0,9265.0,9116.0,9132.0,6161
2025-07-28,9142.0,9228.0,9099.0,9155.0,5392
2025-07-29,9152.0,9162.0,9037.0,9124.0,6930
2025-07-30,9143.0,9164.0,9001.0,9038.0,7991
2025-07-31,9045.0,9054.0,8874.0,8884.0,7621
2025-08-01,8889.0,8929.0,8783.0,8790.0,7364
2025-08-04,8781.0,8901.0,8712.0,8897.0,7209
2025-08-05,8901.0,8950.0,8863.0,8937.0,5364
2025-08-06,8939.0,8966.0,8887.0,8912.0,5206
2025-08-07,8915.0,8989.0,8869.0,8974.0,6074
2025-08-08,8973.0,8986.0,8877.0,8895.0,5069
2025-08-11,8893.0,8930.0,8843.0,8888.0,4765
2025-08-12,8894.0,8938.0,8829.0,8904.0,6185
2025-08-13,8906.0,9169.0,8893.0,9169.0,6787
2025-08-14,9173.0,9248.0,9110.0,9143.0,6191
2025-08-15,9133.0,9151.0,8984.0,9028.0,6173
2025-08-18,9025.0,9152.0,9012.0,9043.0,5963
2025-08-19,9047.0,9076.0,8983.0,8996.0,5244
2025-08-20,9001.0,9038.0,8912.0,9002.0,5603
2025-08-21,9006.0,9026.0,8932.0,8977.0,4841
2025-08-22,8975.0,9090.0,8964.0,9089.0,5503
2025-08-25,9087.0,9291.0,9080.0,9258.0,8242
2025-08-26,9273.0,9273.0,9137.0,9162.0,6553
2025-08-27,9171.0,9222.0,9004.0,9007.0,8225
2025-08-28,8975.0,8975.0,8826.0,8880.0,8123
2025-08-29,8886.0,9009.0,8873.0,8925.0,7360
2025-09-01,8940.0,9131.0,8866.0,9101.0,8234
2025-09-02,9094.0,9175.0,9054.0,9071.0,7622
2025-09-03,9074.0,9206.0,9001.0,9046.0,9499
2025-09-04,9040.0,9098.0,8895.0,8909.0,9000
2025-09-05,8909.0,9068.0,8863.0,9047.0,6687
2025-09-08,9046.0,9126.0,8996.0,9101.0,6418
2025-09-09,9098.0,9281.0,9080.0,9232.0,8847
2025-09-10,9234.0,9377.0,9218.0,9328.0,7824
2025-09-11,9322.0,9336.0,9194.0,9267.0,10036
2025-09-12,9270.0,9452.0,9260.0,9362.0,8226
2025-09-15,9358.0,9434.0,9332.0,9396.0,6927
2025-09-16,9392.0,9470.0,9348.0,9398.0,7387
2025-09-17,9394.0,9623.0,9367.0,9599.0,8825
2025-09-18,9596.0,9675.0,9376.0,9457.0,13438
2025-09-19,9462.0,9519.0,9422.0,9486.0,8800
2025-09-22,9483.0,9523.0,9325.0,9395.0,10011
2025-09-23,9383.0,9415.0,9243.0,9304.0,9005
2025-09-24,9306.0,9467.0,9252.0,9428.0,9449
2025-09-25,9430.0,9508.0,9381.0,9461.0,8944
2025-09-26,9465.0,9466.0,9290.0,9307.0,10630
2025-09-29,9310.0,9504.0,9300.0,9480.0,7942
2025-09-30,9486.0,9589.0,9449.0,9579.0,8032
2025-10-02,9578.0,9796.0,9530.0,9759.0,9054
2025-10-03,9758.0,9777.0,9606.0,9676.0,7016
2025-10-06,9678.0,9687.0,9549.0,9586.0,5759
2025-10-08,9584.0,9661.0,9414.0,9520.0,8632
2025-10-09,9520.0,9635.0,9445.0,9535.0,11087
2025-10-10,9532.0,9548.0,9347.0,9347.0,10716
2025-10-13,9347.0,9417.0,8880.0,9190.0,28987
2025-10-14,9188.0,9300.0,9038.0,9103.0,15633
2025-10-15,9108.0,9284.0,9034.0,9245.0,12062
2025-10-16,9253.0,9331.0,9169.0,9268.0,9777
2025-10-17,9264.0,9313.0,8970.0,8997.0,11522
2025-10-20,9004.0,9290.0,8990.0,9232.0,13078
2025-10-21,9236.0,9445.0,9212.0,9290.0,8847
2025-10-22,9292.0,9325.0,9156.0,9212.0,8329
2025-10-23,9208.0,9343.0,9130.0,9294.0,11502
2025-10-24,9302.0,9401.0,9276.0,9370.0,8033
2025-10-27,9368.0,9516.0,9358.0,9475.0,8712
2025-10-28,9480.0,9525.0,9354.0,9382.0,8213
2025-10-30,9407.0,9508.0,9308.0,9374.0,13056
2025-10-31,9370.0,9375.0,9173.0,9176.0,10264
2025-11-03,9187.0,9306.0,9123.0,9270.0,8446
2025-11-04,9273.0,9326.0,9161.0,9173.0,8466
2025-11-05,9171.0,9210.0,9018.0,9168.0,9728
2025-11-06,9176.0,9377.0,9144.0,9375.0,8136
2025-11-07,9376.0,9397.0,9252.0,9252.0,7503
2025-11-10,9256.0,9461.0,9174.0,9457.0,8381
2025-11-11,9463.0,9502.0,9392.0,9476.0,7170
2025-11-12,9469.0,9591.0,9469.0,9556.0,6686
2025-11-13,9551.0,9655.0,9474.0,9605.0,9196
2025-11-14,9609.0,9619.0,9391.0,9408.0,8878
2025-11-17,9411.0,9456.0,9290.0,9321.0,9747
2025-11-18,9317.0,9323.0,9135.0,9167.0,8299
2025-11-19,9170.0,9245.0,9119.0,9154.0,8461
2025-11-20,9152.0,9233.0,9084.0,9142.0,11070
2025-11-21,9143.0,9195.0,8899.0,8921.0,11566
2025-11-24,8923.0,9101.0,8853.0,9084.0,11828
2025-11-25,9072.0,9217.0,9035.0,9168.0,8481
2025-11-26,9158.0,9256.0,9130.0,9170.0,7484
2025-11-27,9138.0,9226.0,9070.0,9150.0,7076
2025-11-28,9145.0,9187.0,9097.0,9132.0,5416
2025-12-01,9129.0,9212.0,9105.0,9164.0,9697
2025-12-02,9162.0,9239.0,9131.0,9171.0,7117
2025-12-03,9173.0,9182.0,9010.0,9016.0,8072
2025-12-04,9023.0,9145.0,8993.0,9106.0,7142
2025-12-05,9105.0,9231.0,9063.0,9216.0,7324
2025-12-08,9210.0,9238.0,9090.0,9091.0,6124
2025-12-09,9090.0,9114.0,8929.0,8931.0,6119
2025-12-10,8936.0,8961.0,8872.0,8949.0,7999
2025-12-11,8952.0,9040.0,8916.0,8940.0,7186
2025-12-12,8945.0,9098.0,8943.0,9081.0,6982
2025-12-15,9079.0,9093.0,8916.0,8926.0,6655
2025-12-16,8936.0,8952.0,8713.0,8759.0,7156
2025-12-17,8764.0,8874.0,8739.0,8843.0,7162
2025-12-18,8847.0,8888.0,8758.0,8850.0,6517
2025-12-19,8850.0,8937.0,8846.0,8916.0,6365
2025-12-22,8915.0,8977.0,8898.0,8946.0,5363
2025-12-23,8938.0,8997.0,8905.0,8922.0,5046
2025-12-24,8916.0,8951.0,8877.0,8922.0,2825
2025-12-29,8949.0,9064.0,8886.0,8886.0,6819
2025-12-30,8896.0,9028.0,8870.0,9015.0,5766
2025-12-31,9017.0,9026.0,8886.0,8911.0,3708
2026-01-02,8920.0,9193.0,8920.0,9186.0,7710
2026-01-05,9190.0,9250.0,9121.0,9151.0,7188
2026-01-06,9150.0,9328.0,9101.0,9246.0,8124
2026-01-07,9244.0,9293.0,9106.0,9144.0,6673
2026-01-08,9145.0,9145.0,8980.0,9038.0,6906
2026-01-09,9040.0,9112.0,9014.0,9059.0,6615
2026-01-12,9063.0,9228.0,9043.0,9216.0,7811
2026-01-13,9211.0,9404.0,9202.0,9290.0,8845
2026-01-14,9291.0,9386.0,9254.0,9310.0,10906
2026-01-15,9315.0,9406.0,9244.0,9270.0,9207
2026-01-16,9275.0,9386.0,9197.0,9216.0,8138
2026-01-19,9214.0,9233.0,9115.0,9145.0,6203
2026-01-20,9147.0,9176.0,9052.0,9089.0,6700
2026-01-21,9081.0,9170.0,9032.0,9125.0,7763
2026-01-22,9120.0,9187.0,9076.0,9123.0,6107
2026-01-23,9124.0,9228.0,9114.0,9149.0,6599
2026-01-26,9160.0,9210.0,9099.0,9122.0,7291
2026-01-27,9143.0,9271.0,9109.0,9242.0,7393
2026-01-28,9229.0,9530.0,9229.0,9530.0,8289
2026-01-29,9533.0,9613.0,9424.0,9582.0,7919
2026-01-30,9576.0,9615.0,9321.0,9363.0,10308
2026-02-02,9336.0,9384.0,9004.0,9082.0,11506
2026-02-03,9089.0,9190.0,8929.0,9046.0,10582
2026-02-04,9045.0,9128.0,8969.0,9049.0,9136
2026-02-05,9057.0,9116.0,8921.0,9090.0,10487
2026-02-06,9075.0,9108.0,8917.0,9051.0,9297
2026-02-09,9051.0,9219.0,9048.0,9180.0,8760
2026-02-10,9190.0,9324.0,9142.0,9241.0,7296
2026-02-11,9242.0,9311.0,9228.0,9258.0,5711
2026-02-12,9254.0,9268.0,9148.0,9164.0,6531
2026-02-13,9174.0,9212.0,8979.0,9019.0,7019
2026-02-16,9020.0,9110.0,8937.0,9110.0,7061
2026-02-20,9090.0,9122.0,8929.0,8932.0,7325
2026-02-23,8955.0,9242.0,8935.0,9205.0,10141
2026-02-24,9207.0,9218.0,8969.0,9002.0,7640
2026-02-25,8996.0,9103.0,8984.0,9048.0,6500
2026-02-26,9055.0,9125.0,8807.0,8829.0,8702
2026-02-27,8829.0,8902.0,8778.0,8860.0,6946
2026-03-02,8877.0,8891.0,8630.0,8660.0,10798
2026-03-03,8685.0,8752.0,8586.0,8587.0,11198
2026-03-04,8580.0,8587.0,8364.0,8472.0,14919
2026-03-05,8497.0,8623.0,8428.0,8433.0,12258
2026-03-06,8454.0,8643.0,8377.0,8599.0,11070
2026-03-09,8595.0,8600.0,8329.0,8566.0,14700
2026-03-10,8555.0,8722.0,8507.0,8710.0,10659
2026-03-11,8725.0,8812.0,8658.0,8685.0,9165
2026-03-12,8680.0,8742.0,8616.0,8699.0,8498
2026-03-13,8689.0,8729.0,8615.0,8637.0,8705
2026-03-16,8661.0,8819.0,8616.0,8784.0,11164
2026-03-17,8788.0,8960.0,8759.0,8832.0,9858
2026-03-18,8827.0,8872.0,8764.0,8831.0,7405
2026-03-19,8823.0,8849.0,8632.0,8678.0,9167
2026-03-20,8668.0,8710.0,8529.0,8574.0,9378
2026-03-23,8568.0,8580.0,8235.0,8290.0,13061
2026-03-24,8291.0,8566.0,8256.0,8467.0,18594
2026-03-25,8462.0,8607.0,8405.0,8600.0,13601
2026-03-26,8585.0,8595.0,8353.0,8357.0,8802
2026-03-27,8368.0,8515.0,8328.0,8415.0,10112
2026-03-30,8400.0,8424.0,8244.0,8400.0,8996
2026-03-31,8383.0,8471.0,8306.0,8354.0,8925
2026-04-01,8361.0,8570.0,8334.0,8503.0,10556
2026-04-02,8490.0,8547.0,8377.0,8441.0,8494
2026-04-08,8433.0,8754.0,8393.0,8704.0,10102
2026-04-09,8707.0,8725.0,8592.0,8595.0,6722
2026-04-10,8596.0,8731.0,8568.0,8666.0,7433
2026-04-13,8664.0,8706.0,8556.0,8603.0,6858
2026-04-14,8597.0,8712.0,8575.0,8682.0,8356
2026-04-15,8686.0,8803.0,8672.0,8718.0,8008
2026-04-16,8709.0,8913.0,8687.0,8888.0,8554
2026-04-17,8886.0,8891.0,8777.0,8850.0,7259
2026-04-20,8852.0,8996.0,8807.0,8920.0,9932
2026-04-21,8917.0,8961.0,8888.0,8943.0,5995
2026-04-22,8940.0,8945.0,8783.0,8800.0,6658
2026-04-23,8811.0,8845.0,8702.0,8737.0,6387
2026-04-24,8723.0,8790.0,8642.0,8773.0,8144
2026-04-27,8773.0,8829.0,8727.0,8761.0,7088
2026-04-28,8771.0,8777.0,8628.0,8631.0,6532
2026-04-29,8623.0,8795.0,8585.0,8765.0,9262
2026-04-30,8761.0,8794.0,8638.0,8651.0,9277
2026-05-04,8663.0,8864.0,8648.0,8769.0,9765
2026-05-05,8775.0,8785.0,8617.0,8726.0,10404
2026-05-06,8726.0,8804.0,8695.0,8795.0,8673
2026-05-07,8800.0,8939.0,8799.0,8901.0,9233
2026-05-08,8893.0,8924.0,8822.0,8875.0,7356
