ts_code,code,name,total_market_val
00700.HK,HK.00700,腾讯控股,4502569873602.4
01398.HK,HK.01398,工商银行,2587509426466.14
00005.HK,HK.00005,汇丰控股,2405698474200.0
00939.HK,HK.00939,建设银行,2341323414058.05
01288.HK,HK.01288,农业银行,2166394979673.87
00857.HK,HK.00857,中国石油股份,2073627678677.94
00941.HK,HK.00941,中国移动,1817059180090.8
00883.HK,HK.00883,中国海洋石油,1326085716153.6
02318.HK,HK.02318,中国平安,1103660779595.25
01088.HK,HK.01088,中国神华,1037622537103.36
01211.HK,HK.01211,比亚迪股份,922660393578.0
01299.HK,HK.01299,友邦保险,858002605511.6
01810.HK,HK.01810,小米集团-W,808705131124.8
00300.HK,HK.00300,美的集团,678445838727.6
01658.HK,HK.01658,邮储银行,636503783507.6
00386.HK,HK.00386,中国石油化工股份,555048110278.98
00388.HK,HK.00388,香港交易所,521841665982.0
00981.HK,HK.00981,中芯国际,515243915573.7
00945.HK,HK.00945,宏利金融-S,504008451038.4
02388.HK,HK.02388,中银香港,467528343362.52
00998.HK,HK.00998,中信银行,464080653281.76
00728.HK,HK.00728,中国电信,458450764881.99
01276.HK,HK.01276,恒瑞医药,456971211324.9
02259.HK,HK.02259,紫金黄金国际,422593975470.0
00016.HK,HK.00016,新鸿基地产,396706119510.6
00267.HK,HK.00267,中信股份,376427998432.2
02359.HK,HK.02359,药明康德,369090760073.5
01378.HK,HK.01378,中国宏桥,361199014212.4
02328.HK,HK.02328,中国财险,316069694955.63
02338.HK,HK.02338,潍柴动力,309638592791.84
02378.HK,HK.02378,保诚,296991057980.1
00001.HK,HK.00001,长和,249910403625.0
00175.HK,HK.00175,吉利汽车,248587105226.94
01339.HK,HK.01339,中国人民保险集团,236598349619.05
02020.HK,HK.02020,安踏体育,233380717885.0
01109.HK,HK.01109,华润置地,229616254443.8
01919.HK,HK.01919,中远海控,225862141893.5
00762.HK,HK.00762,中国联通,222142382744.7
00066.HK,HK.00066,港铁公司,215503378180.02
00669.HK,HK.00669,创科实业,207309535315.3
00788.HK,HK.00788,中国铁塔,196425453658.32
00002.HK,HK.00002,中电控股,190494372978.0
01024.HK,HK.01024,快手-W,189968172898.6
01347.HK,HK.01347,华虹半导体,187838040063.3
01898.HK,HK.01898,中煤能源,183367314822.0
01772.HK,HK.01772,赣锋锂业,172033775848.2
01816.HK,HK.01816,中广核电力,171190803000.33
01113.HK,HK.01113,长实集团,169879240283.82
01038.HK,HK.01038,长江基建集团,167680108389.75
01988.HK,HK.01988,民生银行,161557124272.38
02057.HK,HK.02057,中通快递-W,154878792166.8
01171.HK,HK.01171,兖矿能源,153774201934.08
01336.HK,HK.01336,新华保险,153107347128.0
01801.HK,HK.01801,信达生物,148879391146.2
00992.HK,HK.00992,联想集团,148855911624.0
00012.HK,HK.00012,恒基地产,146984509411.08
00027.HK,HK.00027,银河娱乐,145303206824.16
01766.HK,HK.01766,中国中车,145216252285.28
01972.HK,HK.01972,太古地产,143361371520.0
02015.HK,HK.02015,理想汽车-W,143316605950.2
01072.HK,HK.01072,东方电气,141792773366.0
01787.HK,HK.01787,山东黄金,141156042055.5
02423.HK,HK.02423,贝壳-W,140484046731.74
02269.HK,HK.02269,药明生物,138698835974.72
00006.HK,HK.00006,电能实业,138628390267.7
00288.HK,HK.00288,万洲国际,135872025034.5
00688.HK,HK.00688,中国海外发展,135497658163.3
00003.HK,HK.00003,香港中华煤气,135470656911.48
01880.HK,HK.01880,中国中免,133602324209.2
01928.HK,HK.01928,金沙中国有限公司,132731424882.4
01776.HK,HK.01776,广发证券,131613901495.02
00358.HK,HK.00358,江西铜业股份,129090552218.4
02050.HK,HK.02050,三花智控,129017707247.1
01179.HK,HK.01179,华住集团-S,126328528840.2
00083.HK,HK.00083,信和置业,118292982987.98
01698.HK,HK.01698,腾讯音乐-SW,115965283560.0
00763.HK,HK.00763,中兴通讯,115952885660.88
02097.HK,HK.02097,蜜雪集团,113202326160.0
02333.HK,HK.02333,长城汽车,111166760722.35
01208.HK,HK.01208,五矿资源,110114610873.12
01929.HK,HK.01929,周大福,107626545586.0
01209.HK,HK.01209,华润万象生活,106729700000.0
01888.HK,HK.01888,建滔积层板,106726463000.0
01177.HK,HK.01177,中国生物制药,106473685866.4
00914.HK,HK.00914,海螺水泥,105933058554.21
01818.HK,HK.01818,招金矿业,104075512333.52
01093.HK,HK.01093,石药集团,103471616553.36
00836.HK,HK.00836,华润电力,102816366716.4
00390.HK,HK.00390,中国中铁,100472923251.03
01876.HK,HK.01876,百威亚太,99987647350.0
00902.HK,HK.00902,华能国际电力股份,99839873763.24
01138.HK,HK.01138,中远海能,98811192769.12
01913.HK,HK.01913,普拉达,96007076480.0
01519.HK,HK.01519,极兔速递-W,92237961981.9
00316.HK,HK.00316,东方海外国际,90074917710.8
00670.HK,HK.00670,中国东方航空股份,88792701413.4
01308.HK,HK.01308,海丰国际,85751619388.16
00753.HK,HK.00753,中国国航,85671747110.0
00291.HK,HK.00291,华润啤酒,84673017220.5
00020.HK,HK.00020,商汤-W,82248679127.09
00966.HK,HK.00966,中国太平,76265073376.36
01055.HK,HK.01055,中国南方航空股份,74658380406.16
00241.HK,HK.00241,阿里健康,73921125410.05
01186.HK,HK.01186,中国铁建,73465319515.0
01800.HK,HK.01800,中国交通建设,73235899012.5
02268.HK,HK.02268,药明合联,73162925662.5
00004.HK,HK.00004,九龙仓集团,73161294208.38
01997.HK,HK.01997,九龙仓置业,72808731301.46
02313.HK,HK.02313,申洲国际,71775447216.72
00293.HK,HK.00293,国泰航空,71635688287.64
01157.HK,HK.01157,中联重科,71609871754.08
00322.HK,HK.00322,康师傅控股,70174628682.0
00168.HK,HK.00168,青岛啤酒股份,69778580439.15
00290.HK,HK.00290,国富量子,69138851039.94
00522.HK,HK.00522,ASMPT,69026669591.6
02099.HK,HK.02099,中国黄金国际,68460655143.1
02382.HK,HK.02382,舜宇光学科技,68460316560.0
02016.HK,HK.02016,浙商银行,67837650828.61
00144.HK,HK.00144,招商局港口,67000226608.56
02208.HK,HK.02208,金风科技,66566751476.72
00019.HK,HK.00019,太古股份公司A,65902384800.0
00135.HK,HK.00135,昆仑能源,65806892980.8
00486.HK,HK.00486,俄铝,64874173460.74
02319.HK,HK.02319,蒙牛乳业,64777671967.1
01364.HK,HK.01364,古茗,61452322622.4
00285.HK,HK.00285,比亚迪电子,60701329230.0
01099.HK,HK.01099,国药控股,59979011991.02
01508.HK,HK.01508,中国再保险,58622135157.3
00960.HK,HK.00960,龙湖集团,58023041022.08
01530.HK,HK.01530,三生制药,57765003177.12
02039.HK,HK.02039,中集集团,54217221759.45
02196.HK,HK.02196,复星医药,53561530945.5
00177.HK,HK.00177,江苏宁沪高速公路,53500878450.0
00916.HK,HK.00916,龙源电力,52917636318.12
00151.HK,HK.00151,中国旺旺,52635453262.1
00270.HK,HK.00270,粤海投资,52629462592.0
00148.HK,HK.00148,建滔集团,52334480173.92
02331.HK,HK.02331,李宁,51903060160.24
01258.HK,HK.01258,中国有色矿业,51428834480.0
01133.HK,HK.01133,哈尔滨电气,50360935520.0
02076.HK,HK.02076,BOSS直聘-W,50329365869.4
01071.HK,HK.01071,华电国际电力股份,50278982216.72
00991.HK,HK.00991,大唐发电,47932380205.36
00008.HK,HK.00008,电讯盈科,47106396109.44
00576.HK,HK.00576,浙江沪杭甬,45950052425.62
00101.HK,HK.00101,恒隆地产,45661517371.26
01729.HK,HK.01729,汇聚科技,45592953999.12
02018.HK,HK.02018,瑞声科技,45166584750.0
00868.HK,HK.00868,信义玻璃,44373811785.56
00247.HK,HK.00247,TST PROPERTIES,43519088242.8
01193.HK,HK.01193,华润燃气,43480301846.09
00780.HK,HK.00780,同程旅行,42965527181.5
02282.HK,HK.02282,美高梅中国,42864000011.28
01359.HK,HK.01359,中国信达,42362634013.17
00425.HK,HK.00425,敏实集团,42044596584.12
02380.HK,HK.02380,中国电力,40821498243.9
00392.HK,HK.00392,北京控股,39979343857.04
00384.HK,HK.00384,中国燃气,39717033481.89
01828.HK,HK.01828,富卫集团,39182027967.12
00087.HK,HK.00087,太古股份公司B,37605909000.0
00659.HK,HK.00659,周大福创建,37488038602.97
01585.HK,HK.01585,雅迪控股,37196135163.3
00598.HK,HK.00598,中国外运,37088293843.59
00666.HK,HK.00666,瑞浦兰钧,37039453692.5
01735.HK,HK.01735,中环新能源,36875520000.0
00631.HK,HK.00631,三一国际,36844754676.8
01318.HK,HK.01318,毛戈平,36567942740.0
00023.HK,HK.00023,东亚银行,36540411113.38
01385.HK,HK.01385,上海复旦,35881210530.0
02228.HK,HK.02228,晶泰控股,35804053051.52
02202.HK,HK.02202,万科企业,34479750371.19
01070.HK,HK.01070,TCL电子,34461183568.85
02367.HK,HK.02367,巨子生物,34293039200.0
00683.HK,HK.00683,嘉里建设,33583214545.92
00257.HK,HK.00257,光大环境,33479215341.4
01882.HK,HK.01882,海天国际,33420240000.0
02252.HK,HK.02252,微创机器人-B,33415102724.4
00564.HK,HK.00564,中创智领,32940628708.5
02400.HK,HK.02400,心动公司,32820670380.6
00656.HK,HK.00656,复星国际,32802729493.94
02096.HK,HK.02096,先声药业,32757703939.16
00867.HK,HK.00867,康哲药业,32616496205.44
01618.HK,HK.01618,中国中冶,32328845905.2
00220.HK,HK.00220,统一企业中国,32222231640.0
01908.HK,HK.01908,建发国际集团,31496567095.92
02238.HK,HK.02238,广汽集团,31101050995.0
01044.HK,HK.01044,恒安国际,31086784157.26
01164.HK,HK.01164,中广核矿业,30782764712.25
01963.HK,HK.01963,重庆银行,30601328734.0
01548.HK,HK.01548,金斯瑞生物科技,30304441850.55
00268.HK,HK.00268,金蝶国际,30134989865.79
00552.HK,HK.00552,中国通信服务,30128180040.0
01128.HK,HK.01128,永利澳门,29582092912.0
00921.HK,HK.00921,海信家电,29192873484.68
01797.HK,HK.01797,东方甄选,29118075050.64
02357.HK,HK.02357,中航科工,29021189440.88
00696.HK,HK.00696,中国民航信息网络,28647591876.31
00995.HK,HK.00995,安徽皖通高速公路,28618914140.75
00968.HK,HK.00968,信义光能,27989953461.9
02386.HK,HK.02386,中石化炼化工程,27858112160.0
00371.HK,HK.00371,北控水务集团,27628177145.25
00874.HK,HK.00874,白云山,27313287943.2
02315.HK,HK.02315,百奥赛图-B,26813905200.0
02525.HK,HK.02525,禾赛-W,26572747880.1
01877.HK,HK.01877,君实生物,26570733861.48
00772.HK,HK.00772,阅文集团,26415375230.22
02276.HK,HK.02276,康耐特光学,25954560000.0
01415.HK,HK.01415,高伟电子,25613192100.0
01456.HK,HK.01456,国联民生,25449055770.88
00136.HK,HK.00136,中国儒意,25200921922.5
01513.HK,HK.01513,丽珠医药,25163289226.14
02419.HK,HK.02419,德康农牧,24951861606.0
01833.HK,HK.01833,平安好医生,24402699598.8
00142.HK,HK.00142,第一太平,24123599364.14
01788.HK,HK.01788,国泰君安国际,23920161214.57
00551.HK,HK.00551,裕元集团,23683253733.36
00512.HK,HK.00512,远大医药,23285186730.88
00053.HK,HK.00053,国浩集团,22753902442.95
02162.HK,HK.02162,康诺亚-B,22703903016.0
01860.HK,HK.01860,汇量科技,22667819961.6
00010.HK,HK.00010,恒隆集团,22602862817.2
02225.HK,HK.02225,今海医疗科技,22482500000.0
00317.HK,HK.00317,中船防务,22474751410.2
01757.HK,HK.01757,环球华商俱乐部,21612000000.0
01199.HK,HK.01199,中远海运港口,21383756676.0
00189.HK,HK.00189,东岳集团,21312353135.1
02460.HK,HK.02460,华润饮料,21295985808.0
00817.HK,HK.00817,中国金茂,21214572166.36
00017.HK,HK.00017,新世界发展,21190051299.82
01428.HK,HK.01428,耀才证券金融,21165284960.76
01551.HK,HK.01551,广州农商银行,21038292417.42
00586.HK,HK.00586,海螺创业,20715994642.04
01910.HK,HK.01910,新秀丽,20665400352.9
01672.HK,HK.01672,歌礼制药-B,20320645628.0
00326.HK,HK.00326,中国星集团,20281366360.85
00323.HK,HK.00323,马鞍山钢铁股份,20098777895.46
02038.HK,HK.02038,富智康集团,20037287016.48
02245.HK,HK.02245,力勤资源,19947039907.0
00014.HK,HK.00014,希慎兴业,19934229608.43
02145.HK,HK.02145,上美股份,19707357879.0
00179.HK,HK.00179,德昌电机控股,19641340954.68
01357.HK,HK.01357,美图公司,19488142318.4
01606.HK,HK.01606,国银金租,19469265200.0
00548.HK,HK.00548,深圳高速公路股份,19110056636.31
00013.HK,HK.00013,和黄医药,19086528325.6
00579.HK,HK.00579,京能清洁能源,18797478568.32
01440.HK,HK.01440,应星控股,18694986800.0
01277.HK,HK.01277,力量发展,18208800000.0
00152.HK,HK.00152,深圳国际,18205829996.5
00107.HK,HK.00107,四川成渝高速公路,18195457000.0
02232.HK,HK.02232,晶苑国际,17830137500.0
01918.HK,HK.01918,融创中国,17819784433.01
02356.HK,HK.02356,大新银行集团,17642189256.6
00881.HK,HK.00881,中升控股,17468414708.94
00956.HK,HK.00956,新天绿色能源,17464122192.51
01060.HK,HK.01060,大麦娱乐,17386518668.5
00853.HK,HK.00853,微创医疗,17275527621.55
01286.HK,HK.01286,鹰普精密,17061062411.6
01066.HK,HK.01066,威高股份,16806538613.28
01196.HK,HK.01196,伟禄集团,16500025027.2
00546.HK,HK.00546,阜丰集团,16498336923.46
02518.HK,HK.02518,汽车之家-S,16391124053.52
01999.HK,HK.01999,敏华控股,16365511104.0
01651.HK,HK.01651,津上机床中国,16199106000.0
00325.HK,HK.00325,布鲁可,16180399609.5
02498.HK,HK.02498,速腾聚创,16158696079.66
00525.HK,HK.00525,广深铁路股份,16150464360.0
01579.HK,HK.01579,颐海国际,16079217000.0
00363.HK,HK.00363,上海实业控股,16058115332.0
02343.HK,HK.02343,太平洋航运,16016849989.3
00069.HK,HK.00069,香格里拉(亚洲),15991441749.76
00340.HK,HK.00340,潼关黄金,15728528974.16
02442.HK,HK.02442,怡俊集团控股,15520320000.0
00303.HK,HK.00303,VTECH HOLDINGS,15467005426.0
01030.HK,HK.01030,新城发展,15399132024.52
01033.HK,HK.01033,中石化油服,15355207124.73
01578.HK,HK.01578,天津银行,15237085073.22
00336.HK,HK.00336,华宝国际,14850786629.6
01686.HK,HK.01686,新意网集团,14834561571.24
00880.HK,HK.00880,澳博控股,14771755161.28
00123.HK,HK.00123,越秀地产,14732938061.58
01304.HK,HK.01304,FORTIOR,14654022384.0
02314.HK,HK.02314,理文造纸,14474150000.0
01114.HK,HK.01114,BRILLIANCE CHI,14429470449.68
02128.HK,HK.02128,中国联塑,14333173008.0
02507.HK,HK.02507,西锐,14302843007.44
02432.HK,HK.02432,越疆,14122568340.0
01361.HK,HK.01361,361度,14122268060.0
02171.HK,HK.02171,科济药业-B,14087719075.3
01866.HK,HK.01866,中国心连心化肥,14085214000.0
01907.HK,HK.01907,中国旭阳集团,14076643350.0
02510.HK,HK.02510,德翔海运,14052861640.0
00856.HK,HK.00856,伟仕佳杰,14040518140.36
00622.HK,HK.00622,威华达控股,13956401485.26
00639.HK,HK.00639,首钢资源,13949520209.8
00347.HK,HK.00347,鞍钢股份,13772755249.26
00041.HK,HK.00041,鹰君,13385654755.15
00590.HK,HK.00590,六福集团,13374316823.0
01681.HK,HK.01681,康臣药业,13330106238.24
00440.HK,HK.00440,大新金融,13287932658.0
00467.HK,HK.00467,联合能源集团,13183293340.86
02233.HK,HK.02233,西部水泥,13164704096.2
01083.HK,HK.01083,港华智慧能源,13144650844.4
01952.HK,HK.01952,云顶新耀,13082623096.0
00338.HK,HK.00338,上海石油化工股份,12967419525.0
00811.HK,HK.00811,新华文轩,12930653680.0
00697.HK,HK.00697,首程控股,12863894162.77
01836.HK,HK.01836,九兴控股,12759560510.0
01316.HK,HK.01316,耐世特,12724809165.51
02007.HK,HK.02007,碧桂园,12276483645.44
02465.HK,HK.02465,龙蟠科技,12269763152.73
01368.HK,HK.01368,特步国际,12206414748.6
00636.HK,HK.00636,KLN,12182073765.08
02142.HK,HK.02142,和铂医药-B,12177907308.0
01310.HK,HK.01310,香港宽频,12112367641.92
01958.HK,HK.01958,北京汽车,12103160654.82
00460.HK,HK.00460,四环医药,12072704431.92
00990.HK,HK.00990,至源控股,11989089151.11
01216.HK,HK.01216,中原银行,11878692579.65
00751.HK,HK.00751,创维集团,11862869669.64
00863.HK,HK.00863,OSL集团,11729491826.0
00667.HK,HK.00667,中国东方教育,11623595662.28
01811.HK,HK.01811,中广核新能源,11411197840.0
01798.HK,HK.01798,大唐新能源,11056025520.0
00297.HK,HK.00297,中化化肥,11028395500.81
02391.HK,HK.02391,涂鸦智能-W,11003986201.85
00638.HK,HK.00638,广和通,10872124053.96
02299.HK,HK.02299,百宏实业,10829799360.0
00376.HK,HK.00376,云锋金融,10797715850.18
00165.HK,HK.00165,中国光大控股,10751918682.56
02186.HK,HK.02186,绿叶制药,10745247913.57
01396.HK,HK.01396,粤港湾控股,10572311343.85
01883.HK,HK.01883,中信国际电讯,10399504783.42
00975.HK,HK.00975,MONGOL MINING,10341858926.42
01117.HK,HK.01117,现代牧业,10211204041.92
02157.HK,HK.02157,乐普生物-B,10158996287.94
00506.HK,HK.00506,中国食品,10125948693.52
00045.HK,HK.00045,大酒店,10084986092.5
00934.HK,HK.00934,中石化冠德,10068948000.0
00754.HK,HK.00754,合生创展集团,10012307107.44
00081.HK,HK.00081,中国海外宏洋集团,10001842996.92
00038.HK,HK.00038,第一拖拉机股份,10000442947.5
01478.HK,HK.01478,丘钛科技,9793399195.0
01313.HK,HK.01313,华润建材科技,9776112943.8
01053.HK,HK.01053,重庆钢铁股份,9736940143.7
00354.HK,HK.00354,中国软件国际,9726202514.48
00373.HK,HK.00373,联合集团,9592358302.8
00826.HK,HK.00826,天工国际,9564750000.0
02477.HK,HK.02477,经纬天地,9560000000.0
00200.HK,HK.00200,新濠国际发展,9418606116.48
00517.HK,HK.00517,中远海运国际,9279599145.57
01635.HK,HK.01635,大众公用,9182071839.25
02256.HK,HK.02256,和誉-B,9160434360.0
01302.HK,HK.01302,先健科技,9124473428.0
01783.HK,HK.01783,晋景新能,9043641336.4
01921.HK,HK.01921,达力普控股,9026139320.0
01112.HK,HK.01112,H&H国际控股,8921657912.28
01375.HK,HK.01375,中州证券,8775052083.0
00819.HK,HK.00819,天能动力,8772509855.0
00570.HK,HK.00570,中国中药,8762295222.48
01330.HK,HK.01330,绿色动力环保,8726566584.6
00108.HK,HK.00108,国锐生活,8601068542.62
02285.HK,HK.02285,泉峰控股,8519267029.37
00086.HK,HK.00086,新鸿基公司,8410022350.04
02362.HK,HK.02362,金川国际,8404532512.64
01799.HK,HK.01799,新特能源,8394100000.0
00999.HK,HK.00999,小菜园,8376813856.0
01523.HK,HK.01523,珩湾科技,8293305000.0
00694.HK,HK.00694,北京首都机场股份,8288313948.37
02517.HK,HK.02517,锅圈,8250783320.0
01333.HK,HK.01333,博雷顿,8198875478.96
02155.HK,HK.02155,森松国际,8182402830.0
01501.HK,HK.01501,瑛泰医疗,8177664000.0
02506.HK,HK.02506,讯飞医疗科技,8159280727.5
02009.HK,HK.02009,金隅集团,8115106061.84
00116.HK,HK.00116,周生生,8060544000.0
00855.HK,HK.00855,中国水务,8003424742.32
02068.HK,HK.02068,中铝国际,7828131019.54
00866.HK,HK.00866,中国秦发,7698322976.05
02190.HK,HK.02190,归创通桥,7691593760.4
01789.HK,HK.01789,爱康医疗,7687614605.76
00412.HK,HK.00412,山高控股,7639978508.43
02025.HK,HK.02025,瑞丰动力,7544000000.0
01475.HK,HK.01475,日清食品,7514578656.0
00071.HK,HK.00071,美丽华酒店,7358720751.75
00173.HK,HK.00173,嘉华国际,7282803082.17
00119.HK,HK.00119,保利置业集团,7145612430.66
00568.HK,HK.00568,山东墨龙,7108829244.0
00565.HK,HK.00565,锦艺集团控股,7098445630.32
02005.HK,HK.02005,石四药集团,7045161425.55
00775.HK,HK.00775,长江生命科技,7016082852.0
02105.HK,HK.02105,来凯医药-B,6982733714.0
00604.HK,HK.00604,深圳控股,6941058629.7
01983.HK,HK.01983,泸州银行,6930267758.1
02273.HK,HK.02273,固生堂,6882316855.96
01052.HK,HK.01052,越秀交通基建,6826502163.6
00839.HK,HK.00839,中教控股,6776757133.3
01896.HK,HK.01896,猫眼娱乐,6775328302.71
01065.HK,HK.01065,天津创业环保股份,6721389403.8
01951.HK,HK.01951,锦欣生殖,6681458786.21
00028.HK,HK.00028,天安,6641294794.23
01905.HK,HK.01905,海通恒信,6588240000.0
01405.HK,HK.01405,达势股份,6578107750.0
00345.HK,HK.00345,VITASOY INT'L,6383965958.92
02192.HK,HK.02192,医脉通,6363645250.0
02158.HK,HK.02158,医渡科技,6333011312.85
02418.HK,HK.02418,德银天下,6282537120.0
01610.HK,HK.01610,中粮家佳康,6277337702.51
00308.HK,HK.00308,香港中旅,6201029754.08
00034.HK,HK.00034,九龙建业,6139168472.6
01448.HK,HK.01448,福寿园,6124439434.08
02013.HK,HK.02013,微盟集团,6115742147.84
01477.HK,HK.01477,欧康维视生物-B,6115368105.0
00737.HK,HK.00737,湾区发展,6070929857.51
01763.HK,HK.01763,中国同辐,6023244367.0
02255.HK,HK.02255,海昌海洋公园,6012370910.0
02172.HK,HK.02172,微创脑科学,5990096413.6
01691.HK,HK.01691,JS环球生活,5976263456.44
02198.HK,HK.02198,中国三江化工,5902400000.0
01167.HK,HK.01167,加科思-B,5898920854.8
02339.HK,HK.02339,京西国际,5789337805.44
00215.HK,HK.00215,和记电讯香港,5686533525.44
00062.HK,HK.00062,载通,5661746106.14
01528.HK,HK.01528,红星美凯龙,5659794234.9
02139.HK,HK.02139,甘肃银行,5575822792.1
02218.HK,HK.02218,安德利果汁,5564230200.0
00315.HK,HK.00315,数码通电讯,5537786553.03
01675.HK,HK.01675,亚信科技,5451908012.0
00933.HK,HK.00933,非凡领越,5377630631.76
02373.HK,HK.02373,美丽田园医疗健康,5249742015.0
00258.HK,HK.00258,汤臣集团,5240933847.2
02436.HK,HK.02436,凌雄科技(小熊U租),5202387063.0
02451.HK,HK.02451,绿源集团控股,5155836900.0
01809.HK,HK.01809,浦林成山,5115546450.0
01666.HK,HK.01666,同仁堂科技,5020673280.0
02342.HK,HK.02342,京信通信,4979612437.98
01126.HK,HK.01126,德林国际,4920808550.0
01050.HK,HK.01050,嘉利国际,4884270768.0
01858.HK,HK.01858,春立医疗,4840634470.0
02427.HK,HK.02427,GUANZE MEDICAL,4835500000.0
00581.HK,HK.00581,中国东方集团,4764888320.0
00777.HK,HK.00777,网龙,4719119233.53
01224.HK,HK.01224,中渝置地,4658801601.6
02402.HK,HK.02402,亿华通,4620621276.01
01234.HK,HK.01234,中国利郎,4574392390.58
02480.HK,HK.02480,绿竹生物-B,4567047806.72
01571.HK,HK.01571,信邦控股,4506419930.0
01057.HK,HK.01057,浙江世宝,4499799140.48
00289.HK,HK.00289,WING ON CO,4455440100.0
00553.HK,HK.00553,南京熊猫电子股份,4422978480.36
00719.HK,HK.00719,山东新华制药股份,4382138806.15
01626.HK,HK.01626,嘉耀控股,4380000000.0
00662.HK,HK.00662,亚洲金融,4251053200.0
00327.HK,HK.00327,百富环球,4247528000.0
01857.HK,HK.01857,中国光大水务,4205488782.81
02156.HK,HK.02156,建发物业,4196626767.68
02291.HK,HK.02291,心泰医疗,4192207463.73
00917.HK,HK.00917,趣致集团,4169504688.04
01205.HK,HK.01205,中信资源,4164595388.97
01223.HK,HK.01223,新沣集团,4163915326.2
01916.HK,HK.01916,江西银行,4156751061.69
00272.HK,HK.00272,瑞安房地产,4093905315.24
00909.HK,HK.00909,明源云,4092429042.8
02431.HK,HK.02431,佑驾创新,4058143920.0
01051.HK,HK.01051,国际资源,4057326711.0
01872.HK,HK.01872,冠轈控股,4053580723.82
02509.HK,HK.02509,荃信生物-B,4044462476.0
00746.HK,HK.00746,理文化工,4009500000.0
00806.HK,HK.00806,惠理集团,3963960333.27
00650.HK,HK.00650,普达特科技,3929195042.56
00679.HK,HK.00679,亚洲联网科技,3914817350.0
02410.HK,HK.02410,同源康医药-B,3880472001.78
02197.HK,HK.02197,三叶草生物-B,3855174128.19
01280.HK,HK.01280,奇点国峰,3847268309.42
00558.HK,HK.00558,力劲科技,3806652285.0
01773.HK,HK.01773,天立国际控股,3762141450.0
00695.HK,HK.00695,东吴水泥,3753600000.0
01476.HK,HK.01476,金融街证券,3750577073.28
01515.HK,HK.01515,华润医疗,3747395131.24
01576.HK,HK.01576,齐鲁高速,3720000000.0
01272.HK,HK.01272,大唐环境,3679752080.0
01873.HK,HK.01873,维亚生物,3663397647.16
00400.HK,HK.00400,硬蛋创新,3633820637.72
01837.HK,HK.01837,五谷磨房,3611048100.0
01875.HK,HK.01875,东曜药业-B,3570280037.94
00900.HK,HK.00900,AEON CREDIT,3546944632.0
01250.HK,HK.01250,山高新能源,3504678412.56
02488.HK,HK.02488,元征科技,3498627268.0
01785.HK,HK.01785,成都高速,3494375220.0
01104.HK,HK.01104,亚太资源,3479931778.16
00710.HK,HK.00710,京东方精电,3475015145.56
00861.HK,HK.00861,神州控股,3464367289.02
00799.HK,HK.00799,IGG,3446948452.99
00743.HK,HK.00743,亚洲水泥(中国),3415735180.0
01045.HK,HK.01045,亚太卫星,3398575350.0
00931.HK,HK.00931,中国港能,3383233656.985
01812.HK,HK.01812,晨鸣纸业,3382674630.0
01995.HK,HK.01995,永升服务,3341828480.0
02160.HK,HK.02160,微创心通-B,3323342855.79
01184.HK,HK.01184,S.A.S. DRAGON,3285646560.0
